,n_samples,l1_error_norm,fit_time
0,10,0.8717575669288635,66.45127741608303
1,30,0.8695180416107178,78.29194272798486
2,50,0.8648751378059387,91.76855289796367
3,70,0.8504763841629028,104.14104433602188
4,100,0.8595076203346252,126.60190644999966
5,300,0.8525669574737549,390.6983284020098
6,500,0.854624330997467,582.720403181971
7,700,0.8489733934402466,1039.8479957790114
8,900,0.8536545038223267,1507.635574713
